"LÃ©gende","Heure de publication","Type de contenu","Couverture","Mentions Jâ€™aime et rÃ©actions","Clics sur des stickers","RÃ©ponses","Clics sur le lien","Commentaires","Partages","RÃ©sultats","CoÃ»t par rÃ©sultat"
"Tadrart Rouge 
09-17 Octobre
70 000DA tout compris","2022-09-18T13:01:49","Story Instagram","","","0","0","0","","0","",""
"Unreal colours during this sunrise in Adjellati. We visit this area during our Tadrart Rouge Tour. 
Next departure 09 october.
.
.
.
#djanet #sahara #tassili #tassilinajjer #tadrart #tadrartrouge #sunset #sunsetlovers #sunsets #travelphotography #sunrise","2022-09-18T12:59:00","Publication Instagram","741","78","","","","1","8","",""
"PublicationÂ : Â«Â Venez dÃ©couvrir ce joyaux du Sahara central avec...Â Â»","2022-09-18T12:42:17","PublicitÃ©","2235","","","","","","","896","0.10333705357143"
"Tadrart Rouge avec Planet Djanet","2022-09-18T12:03:32","Publication Facebook","2591","40","","","7","2","8","",""
"DerniÃ¨re semaine pour rÃ©server 
Tadrart Rouge
09 - 17 Octobre
70 000 DA tout inclus","2022-09-15T02:15:16","Story Instagram","212","","0","0","0","","0","",""
"Quoi de mieux qu'un match de foot Touristes VS Touaregs pour conclure un sÃ©jour incroyable ğŸ˜âš½ï¸","2022-09-14T12:04:30","Publication Facebook","1021","70","","","","30","3","",""
"Publication InstagramÂ : At the right time of the...","2022-09-12T15:30:42","PublicitÃ©","0","","","","","","","0","0"
"","2022-09-12T11:45:19","Story Instagram","","","0","0","0","","0","",""
"VidÃ©o de Planet Djanet","2022-09-12T11:45:19","Story Facebook","","2","0","0","","","0","",""
"At the right time of the year, if clouds were generous enough, bursting flowers can add some bright contrast to the already spectacular colours of the Tadrart Rouge.  Photos taken in Moul Naga, that we visit the 3rd day of our tour in Tadrart Rouge ( contact us to join next departure the 9th of october).
.
.
.
#tassili #tadrartrouge #tadrart #tassilinajjer #travelphotography #travelgram #roamtheplanet #djanet #sahara","2022-09-12T10:12:17","Publication Facebook","543","18","","","1","1","1","",""
"At the right time of the year, if clouds were generous enough, bursting flowers can add some bright contrast to the already spectacular colours of the Tadrart Rouge.  Photos taken in Moul Naga, that we visit the 3rd day of our tour in Tadrart Rouge ( contact us to join next departure the 9th of october).
.
.
.
#tassili #tadrartrouge #tadrart #tassilinajjer #travelphotography #travelgram #roamtheplanet #djanet #sahara","2022-09-12T10:12:03","Publication Instagram","766","118","","","","8","0","",""
"VidÃ©o de Planet Djanet","2022-09-11T15:40:05","Story Facebook","","2","0","0","","","0","",""
"","2022-09-11T15:40:05","Story Instagram","","","0","0","0","","0","",""
"The white crowned wheatear or ""Moula Moula"" in local tamahaq. The nomad's companion, a bird perfectly adapted to the desert life and is said to be a good omen by the Touaregs. The Moula Moula associated the presence of nomads/tourist groups to the presence of food (leftovers) and so became less fearful in these areas. It mainly eats insects and small lizards. 
If you visit the Tassili n'Ajjer you will no doubt observe it closely during lunch stops or even while walking during the day ğŸ¦ğŸ“·
.
.
.
#tassili #tassilinajjer #animalphotography #wheatear #desertlife #touareg #djanet #tadrartrouge #travel #nationalgeographic","2022-09-11T14:02:02","Publication Facebook","498","18","","","","2","1","",""
"The white crowned wheatear or ""Moula Moula"" in local tamahaq. The nomad's companion, a bird perfectly adapted to the desert life and is said to be a good omen by the Touaregs. The Moula Moula associated the presence of nomads/tourist groups to the presence of food (leftovers) and so became less fearful in these areas. It mainly eats insects and small lizards. 
If you visit the Tassili n'Ajjer you will no doubt observe it closely during lunch stops or even while walking during the day ğŸ¦ğŸ“·
.
.
.
#tassili #tassilinajjer #animalphotography #wheatear #desertlife #touareg #djanet #tadrartrouge #travel #nationalgeographic","2022-09-11T14:01:50","Publication Instagram","489","59","","","","1","0","",""
"Tadrart Rouge tour
09/07 October
Last places available","2022-09-10T10:09:11","Story Instagram","145","","0","0","0","","0","",""
"Impressive neolithic rock engravings in Oued Elbiredj  Tadrart Rouge. Multiple bovids from the Bovidean era (6000 BP).
#tadrartrouge #djanet #tassili #tadrart #tassilinajjer #travel #travelgram #travelblogger #Neolithic #archeology","2022-09-10T09:23:39","Publication Instagram","964","114","","","","4","0","",""
"VidÃ©o de Planet Djanet","2022-09-05T06:08:55","Story Facebook","","2","0","0","","","0","",""
"If you need a visa, this week is your last chance to make a reservation","2022-09-05T06:08:55","Story Instagram","192","","0","0","0","","0","",""
"Instagram post: Still some places available for...","2022-09-05T04:14:41","PublicitÃ©","7624","3","","","","","","58","30.428793103448"
"PublicationÂ : Â«Â Still some places available for our next tour to...Â Â»","2022-09-02T08:28:43","PublicitÃ©","19892","43","","","","","3","0","0"
"Jebbaren","2022-08-30T13:26:59","Story Instagram","104","","0","0","0","","0","",""
"Arriving at Jebbaren rock forest, these natural shelters hide an immense collection of neolothic rock paintings, a real open air musuem !
.
.
.
.
#tassili #tassilinajjer #djanet #sahara #desert #rockart #neolithic #jebbaren #dji #travelgram #travel #discoverearth #discoverafrica","2022-08-30T13:14:18","Publication Instagram","2270","217","","","","3","8","",""
"","2022-08-29T08:38:09","Story Instagram","","","0","0","0","","0","",""
"VidÃ©o de Planet Djanet","2022-08-29T08:38:09","Story Facebook","","1","0","0","","","0","",""
"Gracias Folrencia ğŸ™ğŸ™","2022-08-29T08:38:08","Story Instagram","114","","0","0","0","","0","",""
"VidÃ©o de Planet Djanet","2022-08-29T08:38:08","Story Facebook","","0","0","0","","","0","",""
"@tissilawen_officiel 
@timlfati","2022-08-27T13:34:17","Story Instagram","125","","24","0","0","","0","",""
"Just chilling in Moul Naga, Tadrart rouge with @tissilawen_officiel @timlfati @smman_man_tinwraghen @taditamlfati
.
.
.
#tassili #djanet #tassilinajjer #tadrart #tadrartrouge #blues #tissilawen #desertmusic #desertblues #sahara","2022-08-27T13:31:52","Publication Instagram","4588","418","","","","11","24","",""
"PublicationÂ : Â«Â Still some places available for our next tour to...Â Â»","2022-08-23T12:53:56","PublicitÃ©","6199","18","","","","","5","0","0"
"Instagram post: Still some places available for...","2022-08-23T12:46:38","PublicitÃ©","5954","17","","","","","","55","17.376727272727"
"VidÃ©o de Planet Djanet","2022-08-23T12:17:51","Story Facebook","","1","0","0","","","0","",""
"Still some places !","2022-08-23T12:17:51","Story Instagram","106","","0","0","0","","0","",""
"Instagram post: Still some places available for...","2022-08-23T12:15:47","PublicitÃ©","0","","","","","","","0","0"
"Still some places available for our next tour to Tadrart Rouge : Wonderland ! Come discover the huge red dunes of Tin Merzouga, the bizarre rock formations and natural arches, the impressive Canyons of In Djeran and Bouhedian with their neolithic rock paintings and engravings, camp on top of dunes in Wan Zaouaten and enjoy evenings around campfire while listening to local touareg blues. Contact us for more details.
.
.
.
#tassili #tadrartrouge #tassilinajjer #tadrart #djanet #sahara #camping #bivouac #desert","2022-08-23T12:13:59","Publication Facebook","26760","80","","","43","3","16","",""
"Still some places available for our next tour to Tadrart Rouge : Wonderland ! Come discover the huge red dunes of Tin Merzouga, the bizarre rock formations and natural arches, the impressive Canyons of In Djeran and Bouhedian with their neolithic rock paintings and engravings, camp on top of dunes in Wan Zaouaten and enjoy evenings around campfire while listening to local touareg blues. Contact us for more details.
.
.
.
#tassili #tadrartrouge #tassilinajjer #tadrart #djanet #sahara #camping #bivouac #desert","2022-08-23T12:13:52","Publication Instagram","13676","125","","","","3","4","",""
"","2022-08-19T06:19:23","Story Instagram","","","0","0","0","","0","",""
"","2022-08-19T06:19:22","Story Instagram","","","0","0","0","","0","",""
"","2022-08-19T06:19:21","Story Instagram","115","","0","0","0","","0","",""
"PublicationÂ : Â«Â Venez vivre l'aventure Planet Djanet et dÃ©couvrir...Â Â»","2022-08-15T13:37:58","PublicitÃ©","12771","12","","","","","2","0","0"
"Venez vivre l'aventure Planet Djanet et dÃ©couvrir le plus beau dÃ©sert du monde !
 #Tassili #Djanet #desert #tadrartrouge #sahara #tadrart #tassilinajjer","2022-08-15T13:13:45","Publication Facebook","13041","61","","","31","4","4","",""
"Instagram post: Want to visit Planet Djanet ?...","2022-08-11T16:31:38","PublicitÃ©","6832","9","","","","","","52","17.307692307692"
"","2022-08-11T12:54:08","Story Instagram","155","","0","0","0","","0","",""
"Want to visit Planet Djanet ? Contact us here, by whatsapp or on our website !
.
.
.
#tassili #tassilinajjer #tadrartrouge #djanet #tadrart  #roamtheplanet #travelphotography #saharadesert","2022-08-11T11:46:26","Publication Instagram","7460","113","","","","6","0","",""
"","2022-08-09T12:30:06","Story Instagram","","","0","0","0","","0","",""
"One of the most amazing sunsets we saw during our tours in Tassili n'Ajjer.
.
.
.
#tassili #tassilinajjer #djanet #sahara #sunset #sunsets #desert #travelgram #phktography","2022-08-09T12:07:51","Publication Instagram","4514","337","","","","5","24","",""
"Instagram post: The perfect tour to discover...","2022-08-02T11:23:21","PublicitÃ©","13440","5","","","","","1","145","4.2430344827586"
"PublicationÂ : Â«Â Vous n'aimez pas le bivouac ? Vous Ãªtes sÃ»rs ?...Â Â»","2022-08-02T02:32:21","PublicitÃ©","20032","1240","","","","","7","1970","0.38871065989848"
"","2022-08-01T08:43:19","Story Instagram","142","","0","0","0","","0","",""
"","2022-07-31T14:09:16","Story Instagram","","","0","0","0","","0","",""
"","2022-07-31T12:52:21","Story Instagram","133","","0","0","4","","0","",""
"The perfect tour to discover Tadrart Rouge, 8 days, 9-16 october. (Group of 16 max)
.
.
#tadrartrouge #tadrart #djanet #tassili #tassilinajjer #sahara #travelgram #photography","2022-07-31T12:39:59","Publication Facebook","1964","65","","","","29","2","",""
"The perfect tour to discover Tadrart Rouge, 8 days, 9-16 october. (Group of 16 max)
.
.
#tadrartrouge #tadrart #djanet #tassili #tassilinajjer #sahara #travelgram #photography","2022-07-31T12:39:53","Publication Instagram","14317","69","","","","0","0","",""
"Instagram post: Camping on planet mars, Tadrart...","2022-07-29T10:25:41","PublicitÃ©","4696","19","","","","","","54","16.666666666667"
"Camping in planet mars :)","2022-07-28T12:40:20","Story Instagram","","","0","0","0","","0","",""
"Vous n'aimez pas le bivouac ? Vous Ãªtes sÃ»rs ? Tadrart Rouge ğŸ˜

Pour vivre ces moments exceptionnels rejoignez nous dans nos prochains circuits dans la region Ã  partir d'octobre.
 #djanet #sahara #tadrart #tadrartrouge #bivouac #tassili #tassilinajjer","2022-07-28T12:32:40","Publication Facebook","20232","896","","","80","24","12","",""
"Camping on planet mars, Tadrart Rouge.
Want to visit ? Join us on our next trips in the region (october/novembre 2022)
.
.
.
#tadrart #tadrartrouge #sahara #djanet #desert #tassili #tassilinajjer #roamtheplanet #travelgram #photography","2022-07-28T12:16:19","Publication Instagram","5566","139","","","","3","0","",""
"Instagram post: We usually share only photos...","2022-07-26T05:20:23","PublicitÃ©","18328","7","","","","","","368","2.445652173913"
"We usually share only photos taken during our own trips. But we couldn't resist sharing this amazing work by @andrew.studer. We always say Djanet IS a planet on its own, these pictures took it to another level ğŸ˜. Photos were taken in In Djeran canyon, Tihe Tihoussai (Tamezgida) and Tin Merzouga, all can be visited during our one week tour in Tadrart Rouge (next tour 09 october to 16 october 2022)
.
.
.
.
#photography #planetdjanet #djanet #tadrartrouge #tassili #tassilinajjer #travelgram #voyagepirates #trekking","2022-07-24T05:40:29","Publication Facebook","2360","93","","","","14","8","",""
"We usually share only photos taken during our own trips. But we couldn't resist sharing this amazing work by @andrew.studer. We always say Djanet IS a planet on its own, these pictures took it to another level ğŸ˜. Shots were taken in In Djeran canyon, Tihe Tihoussai (Tamezgida) and Tin Merzouga, all can be visited during our one week tour in Tadrart Rouge (next tour 09 october to 16 october 2022)
.
.
.
.
#photography #planetdjanet #djanet #tadrartrouge #tassili #tassilinajjer #travelgram #voyagepirates #trekking","2022-07-24T05:40:22","Publication Instagram","19447","145","","","","8","6","",""
"Planet Djanet ğŸ˜","2022-07-24T05:28:09","Story Instagram","211","","0","0","0","","0","",""
"","2022-07-12T12:55:55","Story Instagram","","","0","0","0","","0","",""
"Like a painting...sunset in Ajjellati. Djanet.
.
.
.
#travel #travelgram #travelphotography #discoverearth #trekking #roamtheplanet #adventuretravel  #voyage #djanet #tassili #tassilinajjer","2022-07-12T12:37:21","Publication Instagram","527","61","","","","1","6","",""
"","2022-07-09T06:23:09","Story Instagram","","","0","0","0","","0","",""
"Sand + Campfire + Million stars + Tea + Touareg music + Touareg good mood = unforgetable evenings ğŸ¤©
.
.
#djanet #tassili #tassilinajjer #nightphotography #campfire #tealover #sahara #sanddunes","2022-07-08T10:24:33","Publication Instagram","428","62","","","","0","0","",""
"","2022-07-07T12:58:14","Story Instagram","","","0","0","0","","0","",""
"One week in Planet Djanet , Alidemma and Tadrart Rouge ğŸ›» music by @tissilawen_officiel
.
.
Want to live this experience ? Contact us here or on our website (see bio)
.
.
.
#tassili #tassilinajjer #tadrart #tadrartrouge #djanet #sahara #desert #travelgram #discoverafrica #visitafrica #visitsahara","2022-07-07T12:38:18","Publication Instagram","2036","166","","","","12","4","",""
"","2022-07-04T13:35:24","Story Instagram","145","","0","0","0","","0","",""
"You'll never get enough of sunset at Hansa n'akada (inalokou). Djanet.
.
.
.
.
#djanet #tassili #tassilinajjer #sahara #travelphotography #desert #sanddunes #backpacking #travelgram","2022-07-04T13:07:50","Publication Instagram","493","71","","","","2","0","",""
"","2022-07-03T13:30:44","Story Instagram","","","0","0","0","","0","",""
"Exploring a canyon in In Djeran, Tadrart Rouge. Djanet.
.
.
.
#tadrart #tadrartrouge #djanet #tassili #tassilinajjer #sahara #backpackers #backpacking #canyon #travelgram #desert","2022-07-03T12:40:28","Publication Instagram","2434","111","","","","1","8","",""
"","2022-07-03T05:59:54","Story Instagram","","","0","0","0","","0","",""
"Instagram post: Good morning from Oued Amais....","2022-07-03T01:50:51","PublicitÃ©","0","","","","","","","0","0"
"Good morning from Oued Amais.
Sleeping in a hammock in the Sahara desert ? Yes it's possible thanks to the vegetation present in Oueds (dry river beds that are flooded during rainy days) and especialy old accacia trees that provide a perfect thick shade !
.
We take lunch and spend an evening in this place during our one week tour in the Tadrart Rouge. Djanet
.
.
#djanet #sahara #tassili #tassilinajjer #amais #desert #travelphotography #hammock #accacia #savannah #backpacking","2022-07-03T01:23:23","Publication Facebook","778","26","","","","0","1","",""
"Good morning from Oued Amais.
Sleeping in a hammock in the Sahara desert ? Yes it's possible thanks to the vegetation present in Oueds (dry river beds that are flooded during rainy days) and especialy old accacia trees that provide a perfect thick shade !
.
We take lunch and spend an evening in this place during our one week tour in the Tadrart Rouge. Djanet
.
.
#djanet #sahara #tassili #tassilinajjer #amais #desert #travelphotography #hammock #accacia #savannah #backpacking","2022-07-03T01:23:17","Publication Instagram","503","56","","","","1","0","",""
"Alidemma Arch. Planet Djanet.
.
.
.
#tassili #tassilinajjer #tadrart #djanet #desert #naturalarch #photography #travelgram #travelphotography","2022-07-02T04:53:38","Publication Instagram","441","41","","","","3","0","",""
"","2022-06-30T05:18:07","Story Instagram","","","0","0","0","","0","",""
"Good morning from Adjellati, Djanet.
.
Are you more sunrise (1st) or sunset (2nd) ? Personally we prefer not to choose and admire both ğŸŒ
.
Adjellati can be visited during our one week tour in Tadrart Rouge, for more details contact us here or check our bio !
.
.
.
#djanet #tassili #tassilinajjer #adjellati #tadrart #tadrartrouge #travelgram #cheaptravel #adventuretravel #voyageursdumonde #voyagepirates #desert #sunrise #sunset #dunes","2022-06-30T04:56:33","Publication Instagram","685","66","","","","2","0","",""
"","2022-06-29T11:34:27","Story Instagram","","","0","0","0","","0","",""
"Welcome to Tadrart Rouge ğŸ˜
After 3 hard years, conditions ar at last favorable for the resumption of tours in Planet Djanet ! Touristic season starts in October, contact us for more details.
.
.
#tadrart #tadrartrouge #tassili #tassilinajjer #djanet #planetdjanet #tours #travel #trek","2022-06-29T11:08:53","Publication Instagram","503","79","","","","1","0","",""
"","2022-06-28T11:44:36","Story Instagram","","","0","0","0","","0","",""
"Vous Ãªtes aussi passionÃ©s que nous par le Sahara et spÃ©cialement par le Tassili n'Ajjer ? Voici quelques livres rÃ©ferences pour satisfaire votre curiositÃ©, tout y est; botanique, histoire, art rupestre, geologie et Ã©thnologie...
.
Encore mieux que de la lecture, rejoignez nous pour dÃ©couvrir cette magnifique rÃ©gion dans un de nombreux circuits ! https://planetdjanet.com/fr/circuits","2022-06-28T11:26:44","Publication Facebook","966","42","","","13","10","1","",""
"If you are passionate about the Sahara and especially the Tassili n'Ajjer as much as we are, here are some books to satisfy your curiosity : rock art, history,  botanics, geology, ethnology...
.
Better than books, you can join us  during one of our tours to discover the most beautiful desert of all ! (Check the link in our bio or contact us by pm)
.
.
.
#tassili #tassilinajjer #sahara #djanet #books #desert #bookstagram #tadrart #tadrartrouge #rockart #Neolithic","2022-06-28T11:13:26","Publication Instagram","581","55","","","","1","2","",""
"","2022-06-16T13:27:06","Story Instagram","","","0","0","0","","0","",""
"Meditation Ã  l'oasis d'Iherir, zone protÃ©gÃ©e et considerÃ©e comme zone humide d'intÃªret mondial par la Convention Ramsar. Tassili n'ajjer, Djanet.
.
Vous voulez visiter cette vallÃ© exceptionelle ?
Rejoignez nous dans l'un de nos nombreux circuits dans le Tassili n' Ajjer > https://planetdjanet.com/fr/circuits","2022-06-16T13:16:00","Publication Facebook","579","16","","","9","1","0","",""
"Meditating at Iherir oasis, an area considered a ""wetland of global interest"" by theÂ Ramsar Convention. Tassili n'ajjer, Djanet.
.
Want to visit this exceptional valley ? Join us in one of our many tours in Djanet > link in bio
.
.
.
.
.
#tassili #djanet #iherir #ihrir #tassilinajjer #sahara #oasis #desert #ramsar #unesco #roamtheplanet","2022-06-16T13:15:53","Publication Instagram","380","50","","","","1","0","",""
"Agba Tafilalet","2022-06-05T12:28:45","Story Instagram","126","","0","0","0","","0","",""
"Can you spot the hidden Guelta (waterhole) ?!
Tafilalet, Tassili n'ajjer plateau.","2022-06-05T12:27:55","Publication Facebook","883","45","","","","12","1","",""
"Can you spot the hidden Guelta (waterhole) ?!
Tafilalet, Tassili n'ajjer plateau.
.
.
.
.
#tassili #djanet #tassilinajjer #guelta #waterhole #sahara #desert #rockformation #mountainscape #travelgram","2022-06-05T12:27:49","Publication Instagram","508","71","","","","3","0","",""
"","2022-05-30T12:53:37","Story Instagram","","","0","0","0","","0","",""
"Surfing the dunes...
.
.
.
.
#tassili #tassilinajjer #djanet #desert #4x4 #toyota #travelgram #adventure #dunes","2022-05-30T12:32:15","Publication Instagram","3961","212","","","","9","4","",""
"","2022-05-29T13:43:02","Story Instagram","","","0","0","0","","0","",""
"What a better place to admire the sun setting on horizon than on top of a huge dune ?! Erg Admer. Djanet.

We visit Erg Admer during our 8 days tour (from Admer to Ihrir) see our bio for reservations.
.
.
.
.
.
#tassili #tassilinajjer #djanet #sahara #toursinsahara #desert #travelgram #admer #dune #sunset","2022-05-29T13:31:35","Publication Instagram","463","50","","","","1","2","",""
"","2022-05-01T10:39:27","Story Instagram","","","0","0","0","","0","",""
"Alidema giant natural arch...impressive !
.
This area including Alidema and Mankhor is south of the Tadrart Rouge. Djanet.
.
.
.
.
#tassilinajjer #tassili #djanet #sahara #desert #naturalarches #naturalarch #alidema #tadrart #travelgram","2022-05-01T10:31:04","Publication Instagram","4451","183","","","","8","2","",""
"","2022-04-30T11:10:27","Story Instagram","","","0","0","0","","0","",""
"Le dromadaire, ou Amnisse en tamasheq est l'un des animaux les mieux adaptÃ©s Ã  la vie dans le dÃ©sert. Ce grand mammifÃ¨re de la mÃªme famille que le lama est omniprÃ©sent dans la culture Touareg. Lait, viande, moyen de transport mais Ã©galement symbole mythique ...tout est bon dans le dromadaire ! 

Oued Essendilene. Cette rÃ©gion peut Ãªtre visitÃ©e durant notre circuit d'une semaine entre Admer et Ihrir.","2022-04-30T10:47:22","Publication Facebook","918","41","","","","2","4","",""
"The camel or ""Amnisse"" in local tamasheq, called also the desert boat, is one of the most adapted animals to desert life.
.
Oued Essendilene. This area can be visited during our one week week tour between Admer and Ihrir.
.
.
.
#tassili #tassilinajjer #djanet #sahara #essendilene #camels #touareg #travelphotography #travelgram","2022-04-30T10:47:16","Publication Instagram","431","54","","","","0","0","",""
"Tin Tazarift","2022-04-29T10:34:47","Story Instagram","","","0","0","0","","0","",""
"Exploring the Tin Tazarift rock forest, one of the biggest and most spectacular rock forests in the Tassili n'Ajjer. Djanet.
You can visit this marvel in the 3rd day of our one week tour in Tassili n'Ajjer plateau.","2022-04-29T10:33:25","Publication Facebook","2552","136","","","","18","9","",""
"Exploring the Tin Tazarift rock forest, one of the biggest and most spectacular rock forests in the Tassili n'Ajjer. Djanet.
You can visit it this marvel during the 3rd day of our one week tour in Tassili n'Ajjer plateau.
.
.
.
.
#tassilinajjer #tassili #djanet #sahara #desert #rockforest #rockformations #trekking #travelphotography","2022-04-29T10:33:19","Publication Instagram","577","100","","","","3","2","",""
"Aghoum pass","2022-04-26T12:54:31","Story Instagram","136","","0","0","0","","0","",""
"Descending the Aghoum pass (Djebaren) to exit the Tassili n'Ajjer plateau. The exceptionaly heavy mist added magic to the scenary. This is the last step in our one week Tassili n'Ajjer plateau tour.","2022-04-26T11:34:43","Publication Facebook","907","46","","","","4","2","",""
"Descending the Aghoum pass (Djebaren) to exit the Tassili n'Ajjer plateau. The exceptionaly heavy mist added magic to the scenary. This is the last step in our one week Tassili n'Ajjer plateau tour. 
.
.
.
.
#tassili #tassilinajjer #djanet #sahara #desert #mist #aghoum #mountainscape #travelgram elgram","2022-04-26T11:34:38","Publication Instagram","479","62","","","","1","0","",""
"SoirÃ©e autour du feu avec le groupe tihay et doudou","2022-04-20T15:19:33","Publication Facebook","1005","68","","","","10","3","",""
"SoirÃ©e autour du feu avec Tissilawen (reprise de la chanson ""oulhin"" d'Issouf)","2022-04-05T10:33:24","Publication Facebook","1131","85","","","","16","6","",""
"Ø±Ù…Ø¶Ø§Ù† Ù…Ø¨Ø§Ø±Ùƒ Ramadan Moubarak","2022-04-03T11:10:30","Story Instagram","162","","0","0","0","","0","",""
"Ramadan Moubarak Ø±Ù…Ø¶Ø§Ù† Ù…Ø¨Ø§Ø±Ùƒ.
Valley of Cypresses (millenial trees endemic to Tassili n'Ajher). Tamaghit. 
.
.
.
.
#tassili #tassilinajjer #djanet #sahara #desert #treesofinstagram #naturephotography #travelgram","2022-04-03T11:06:33","Publication Instagram","355","46","","","","1","0","",""
"","2022-03-31T06:56:29","Story Instagram","","","0","0","0","","0","",""
"@imarhan_band","2022-03-31T06:56:28","Story Instagram","","","1","0","0","","0","",""
"@imarhan_band","2022-03-31T06:56:27","Story Instagram","","","0","0","0","","0","",""
"@imarhan_band","2022-03-31T06:56:25","Story Instagram","","","2","0","0","","0","",""
"Publication InstagramÂ : Panorama sunset on our...","2022-03-27T04:25:20","PublicitÃ©","0","","","","","","","0","0"
"Panorama","2022-03-27T04:13:31","Story Instagram","","","0","0","0","","0","",""
"Panorama sunset on our camp at Hansa n'akada, Admer.
.
Want to visit ? Contact us (ig, fb, whatsapp, website, mail)
.
.
.
.
#tassili #tassilinajjer #sunset #panorama #photography #djanet #sahara #travelphotography #travelgram","2022-03-26T13:47:07","Publication Instagram","847","140","","","","10","8","",""
"In Etinen great arch. Tassili n'Ajjer plateau.","2022-03-24T10:45:31","Publication Facebook","767","25","","","","6","0","",""
"In Etinen great arch. Tassili n'Ajjer plateau.
#tassili #tassilinajjer #djanet #desert #sahara #naturalarches #inetinen #travelphotography #photography","2022-03-24T10:45:24","Publication Instagram","540","62","","","","2","0","",""
"@tissilawen_officiel","2022-03-21T12:11:37","Story Instagram","","","1","0","0","","0","",""
"The Tassili n'Ajjer plateau. Planet Djanet !","2022-03-21T12:07:21","Publication Facebook","2193","139","","","","70","4","",""
"The Tassili n'Ajjer plateau. Planet Djanet !
.
Want to visit ? Contact us (website, ig, fb, whatsapp)
.
.
.
#tassilinajjer #tassili #djanet #sahara #desert #trekking #moon #photography","2022-03-21T12:07:16","Publication Instagram","461","57","","","","0","2","",""
"","2022-03-20T13:46:33","Story Instagram","","","0","0","0","","0","",""
"Tafilalet, Tassili n'Ajjer plateau.","2022-03-20T13:27:53","Publication Facebook","1105","53","","","","4","3","",""
"Tafilalet, Tassili n'Ajjer plateau.
.
.
.
#tassilinajjer #tassili #tafilalet #sahara #djanet #photography  #desert #naturephotography","2022-03-20T13:27:47","Publication Instagram","565","80","","","","1","2","",""
"","2022-03-17T13:11:51","Story Instagram","","","0","0","0","","0","",""
"Wan akaham caves, a mysterious place that offers a lots of good spots to rest in the shade. Djanet.
#djanet #tassili #tassilinajjer #sahara #desert #cave #wanakaham #naturephotography #trekking","2022-03-17T12:50:08","Publication Facebook","584","21","","","","0","0","",""
"Wan akaham caves, a mysterious place that offers a lots of good spots to rest in the shade. Djanet.
.
.
.
#djanet #tassili #tassilinajjer #sahara #desert #cave #wanakaham #naturephotography #trekking","2022-03-17T12:50:02","Publication Instagram","412","53","","","","1","0","",""
"@tihay_band","2022-03-14T14:06:28","Story Instagram","102","","0","0","0","","0","",""
"A walk to visit famous engravings in Oued In Djeran. Tadrart Rouge.
.
.
.
#tassili #djanet #tadrart #tadrartrouge #indjeran #sahara #desert","2022-03-14T14:04:36","Publication Instagram","4744","166","","","","5","4","",""
"","2022-02-17T10:10:14","Story Instagram","155","","0","0","0","","0","",""
"Admiring the sunset on top of Tin Merouga dunes, incredible colours ğŸ¤©. Tadrart Rouge - Djanet.
.
.
.
.
.
#tassili #tassilinajjer #sunset #sunsetlovers #sunsets #djanet #sahara #dunes #sandscape #desert #tinmerzouga","2022-02-17T10:03:15","Publication Facebook","904","36","","","","3","0","",""
"Admiring the sunset on top of Tin Merouga dunes, incredible colours ğŸ¤©. Tadrart Rouge - Djanet.
.
.
.
.
.
#tassili #tassilinajjer #sunset #sunsetlovers #sunsets #djanet #sahara #dunes #sandscape #desert #tinmerzouga","2022-02-17T10:03:09","Publication Instagram","788","97","","","","4","2","",""
"Can you spot the animal ?","2022-02-08T14:21:02","Story Instagram","225","","0","0","0","","0","",""
"Life is everywhere...but sometimes it can be verry well hidden ! ğŸ¦

Fan footed gecko in Tadrart Rouge.
.
.
.
.
.
#tassili #gecko #geckolove #tadrart #tadrartrouge #djanet #nature #animalphotography","2022-02-08T14:16:12","Publication Instagram","615","87","","","","0","0","",""
"Moul naga","2022-02-06T11:22:53","Story Instagram","137","","0","0","0","","0","",""
"Arriving at Moul Naga by descending a huge dune.
.
.
.
.
.
#tassilinajjer #tassili #djanet #moulnaga #sahara #desert #dunes #sand #trekking #travelgram #nature #rocks #mountains","2022-02-06T11:20:19","Publication Instagram","6981","304","","","","6","18","",""
"","2022-02-02T11:38:35","Story Instagram","","","0","0","0","","0","",""
"Tadrart Rouge ğŸ”ºï¸
.
.
.
.
#tadrart #tadrartrouge #tassili #tassilinajjer #djanet #naturalarches #sand #rocks #rockformation #naturewalks #travelgram","2022-02-02T10:37:04","Publication Instagram","445","78","","","","5","2","",""
"Publication InstagramÂ : In Akahem, south of...","2022-01-27T05:56:05","PublicitÃ©","0","","","","","","","0","0"
"","2022-01-26T13:16:16","Story Instagram","","","0","0","0","","0","",""
"In Akahem, south of Djanet. A grouping of caves and natural openings in the rock, Akahem means caves in Tamasheq.
.
Want to visit ? Contact us !
.
.
.
#tassili #tassilinajjer #inakahem #djanet #sahara #caves #grotte #naturalarches #arches #discoverafrica #travelgram #wanderlust #worldtraveler #trekking #roamtheplanet","2022-01-26T12:54:17","Publication Instagram","593","139","","","","9","0","",""
"","2022-01-25T11:25:16","Story Instagram","","","0","0","0","","0","",""
"What a fine neolithic rock art ! The famous archer of Jebbaren. 6000 years ago, the author was cearly talented.
.
Enhanced with various filters
.
.
.
.
#tassili #tassilinajjer #djanet #history #rockart #cavepainting #neolithic #rupestre #inspiration #art #archeology #travel #visitalgeria #jebbaren","2022-01-25T11:22:39","Publication Instagram","413","68","","","","3","2","",""
"Double Arch
In
TADRART ROUGE","2022-01-24T10:45:51","Story Instagram","142","","0","0","0","","0","",""
"Natural arches offer a lot of interesting angles for photographers. Here the Bouhedien double arch in Tadrart Rouge.
.
.
.
.
#tassili #tassilinajjer #djanet #naturalarches #archesnationalpark #tadrart #tadrartrouge #bouhediene #photography #travelgram","2022-01-24T10:44:33","Publication Instagram","479","80","","","","2","0","",""
"","2022-01-22T10:25:18","Story Instagram","178","","0","0","0","","0","",""
"","2022-01-22T08:43:09","Publication Facebook","1029","33","","","","3","0","",""
"","2022-01-21T14:28:10","Story Instagram","","","0","0","0","","0","",""
"Some natural arches of Planet Djanet !
.
.
.
.
#naturalarch #arches #tassili #tassilinajjer #sahara #desert #djanet #naturephotography #photography #wandavision","2022-01-21T14:15:05","Publication Instagram","4505","192","","","","3","2","",""
"","2022-01-20T09:59:25","Story Instagram","","","0","0","0","","0","",""
"Une place de parking libre !","2022-01-19T13:34:17","Publication Facebook","861","30","","","","7","0","",""
"Oh cool a free parking place ! ğŸ˜
.
.
.
.
#tassili #tassilinajjer #djanet #sahara #toyota #travel #desert #trekking #backpacker","2022-01-19T13:34:10","Publication Instagram","490","68","","","","1","0","",""
"Baba, our guide in Tassili n'Ajjer ğŸ™","2022-01-18T13:07:05","Story Instagram","","","0","0","0","","0","",""
"Tan Zomaitek canyon. Tassili n'ajjer plateau.
.
.
.
.#tassili #tassilinajjer #tanzomaitek #djanet #sahara #desert #touareg #tamasheq #roamtheplanet #canyon","2022-01-18T13:04:50","Publication Instagram","1507","96","","","","5","0","",""
"SoirÃ©e autour du feu avec Tissilawen (dounia)","2022-01-13T14:08:38","Publication Facebook","901","69","","","","6","8","",""
"Sunrise at our campsite
 in Mankhor","2022-01-09T10:48:16","Story Instagram","","","0","0","0","","0","",""
"","2022-01-09T10:42:33","Publication Instagram","4425","179","","","","3","6","",""
"","2022-01-06T12:45:58","Story Instagram","","","0","0","0","","0","",""
"Essendilene. A steep canyon that made possible the formation of many gueltas (permanent or semi permanent water holes). This oasis has inspired the book ""Le rendez vous d'Essendilene"" by french writer Frison-Roche.
.
.
.
.
#djanet #sahara #tassili #tassilinajjer #essendilene #oasis #naturebeauty #roamtheplanet #wanderlust #natgeo #planetearth #desert","2022-01-06T12:40:17","Publication Instagram","623","82","","","","1","0","",""
"","2022-01-04T07:03:45","Story Instagram","","","0","0","0","","0","",""
"Good morning from Moul Naga, Tadrart Rouge.
.
.
.
.
#sunsrise #tassili #tassilinajjer #sahara #desert #djanet #tadtartrouge #moulnaga #naturecolors #backpacker #worldtraveler #natgeo","2022-01-04T05:33:04","Publication Instagram","504","76","","","","0","0","",""
"","2022-01-03T11:22:23","Story Instagram","","","0","0","0","","0","",""
"The Tadrart Rouge reveals its colors as sun rises over In Djeran canyon.
.
.
.
.
#tassilinajjer #tassili #Sahara #desert #sunrise #dunes #indjeran #tadrart #tadrartrouge #djanet #adventuretime #camping","2022-01-03T11:19:23","Publication Instagram","816","60","","","","3","6","",""
"Timelapse : le soleil se lÃ¨ve sur l'oued In Djeran","2022-01-03T10:46:43","Publication Facebook","798","40","","","","13","4","",""
"Rock Art

Art rupestre

Ø§Ù„ÙÙ† Ø§Ù„ØµØ®Ø±ÙŠ","2022-01-02T13:11:34","Story Instagram","121","","0","0","0","","0","",""
"Rock art depicting a pastoral scene. Bovidian style (6000 BP)

Oued Elberidj, Tadrart Rouge.
.
.
.
.
.
#tassilinajjer #tassili #djanet #rockart #Neolithic #artrupestre #cavepainting #desert #Sahara #history #travel #mustery","2022-01-02T12:58:30","Publication Instagram","445","53","","","","0","0","",""
"","2022-01-02T06:05:19","Story Instagram","","","0","0","0","","0","",""
"Sur rises on our campsite in Mankhor, planet Djanet !
.
.
.
.
.
#tassili #tassilinajjer #mankhor #sunrise #mystic #wanderlust #camping #desert #Sahara #tenere","2022-01-02T06:02:11","Publication Instagram","1134","62","","","","2","0","",""
"Publication InstagramÂ : Sky, sand and rock,...","2022-01-01T13:13:12","PublicitÃ©","4966","79","","","","","","86","3.0712790697674"
"","2022-01-01T13:09:15","Story Instagram","","","0","0","0","","0","",""
"Le ciel, le sable et la roche, couleurs de la Tadrart Rouge...

#tassilinajjer #tassili #naturelovers #naturecolors #tadrart #tadrartrouge #rockformation #naturephotography #naturebeauty","2022-01-01T13:02:56","Publication Facebook","1314","64","","","","5","4","",""
"Sky, sand and rock, colors of Tadrart Rouge...
.
.
.
.
.
#tassilinajjer #tassili #naturelovers #naturecolors #tadrart #tadrartrouge #rockformation #naturephotography #naturebeauty","2022-01-01T13:02:50","Publication Instagram","5673","164","","","","0","2","",""
"Cypress Valley","2021-12-29T12:20:03","Story Instagram","","","0","0","0","","0","",""
"Cypress Valley of Tamaghit. Tassili n'ajjer plateau.

Only a few of these millennial endemic trees (~230) still live, exclusively on the Tassili n'Ajjer plateau. They are witnesses to a greener era of the Sahara as they can't multiply anymore due to the extremely dry weather.

#tassili #tassilinajjer #Sahara #naturewalk #desert #djanet #cypress #trees #naturebeauty #history #archeology","2021-12-29T12:11:22","Publication Facebook","857","50","","","","7","0","",""
"Cypress Valley of Tamaghit. Tassili n'ajjer plateau.

Only a few of these millennial endemic trees (~230) still live, exclusively on the Tassili n'Ajjer plateau. They are witnesses to a greener era of the Sahara as they can't multiply anymore due to the extremely dry weather.
.
.
.
.
#tassili #tassilinajjer #Sahara #naturewalk #desert #djanet #cypress #trees #naturebeauty #history #archeology","2021-12-29T12:11:16","Publication Instagram","760","106","","","","1","4","",""
"Tea time under the thick shade of an Accacia tree

#tassili #tassilinajjer #Sahara #desert #aventure #teatime #djanet #travelgram","2021-12-28T13:54:20","Publication Facebook","951","36","","","","1","1","",""
"","2021-12-28T13:06:40","Story Instagram","","","0","0","0","","0","",""
"Tea time under the thick shade of an Accacia tree
. 
.
.
.
.
.
#tassili #tassilinajjer #Sahara #desert #aventure #teatime #djanet #travelgram","2021-12-28T13:05:49","Publication Instagram","525","80","","","","2","0","",""
"","2021-12-25T10:06:29","Story Instagram","","","0","0","0","","0","",""
"Impressive natural arch in In-Itinen
.
.
.
.
.
#tassili #tassilinajjer #djanet #desert #sahar #travel #roamtheplanet #backpack #initinen #naturalarch #naturalart","2021-12-25T10:04:27","Publication Instagram","1014","100","","","","1","6","",""
"","2021-12-20T13:40:26","Story Instagram","","","0","0","0","","0","",""
"Yes it's raining on our camp in Tigharghart !
.
.
.
.
#tassili #tassilinajjer #Sahara #dÃ©sert #djanet #camping #bivouac #naturelovers","2021-12-20T13:36:57","Publication Instagram","3036","94","","","","1","2","",""
"","2021-12-19T13:27:28","Story Instagram","","","0","0","0","","0","",""
"Beautiful rock art in Oued El Beridj, Tadrart Rouge. A hunting scene : 4 dogs pursuing a barbary sheep (awdad)

Bovidian style (6000-8000 BP)","2021-12-19T13:23:26","Publication Instagram","398","52","","","","1","0","",""
"","2021-12-05T14:32:03","Story Instagram","","","0","0","0","","0","",""
"Le Grand Dieu, Safar, Tassili n'Ajjer plateau.
.
.
.
#tassilinajjer #Tassili #sahara #desert #djanet #safar #sefar #wanderlust #worldtraveler #neolithic","2021-12-05T14:29:36","Publication Instagram","7072","229","","","","2","6","",""
"SoirÃ©e musicale Ã  Tisras : ""Toi dÃ©sert"" par le groupe Tihay","2021-12-04T13:29:03","Publication Facebook","969","48","","","","5","3","",""
"Publication InstagramÂ : Sun rises on our camp in...","2021-12-03T03:13:40","PublicitÃ©","23366","248","","","","","","341","2.6392961876833"
"","2021-12-02T12:38:39","Story Instagram","","","0","0","0","","0","",""
"Sun rises on our camp in Oued In Djeran, Tadrart Rouge ğŸ•ï¸ğŸœï¸ğŸŒ
.
.
.
.
#sunrise #tassilinajjer #Tassili #tadrartrouge #tadrart #indjeran #sahara #desert #djanet","2021-12-02T12:36:58","Publication Facebook","1267","51","","","","8","2","",""
"Sun rises on our camp in Oued In Djeran, Tadrart Rouge ğŸ•ï¸ğŸœï¸ğŸŒ
.
.
.
.
#sunrise #tassilinajjer #Tassili #tadrartrouge #tadrart #indjeran #sahara #desert #djanet","2021-12-02T12:36:52","Publication Instagram","24237","398","","","","5","6","",""
"","2021-11-28T08:05:28","Story Instagram","","","0","0","0","","0","",""
"Full Video on our Facebook page","2021-11-26T12:48:53","Story Instagram","","","0","0","0","","0","",""
"","2021-11-26T12:48:52","Story Instagram","","","0","0","0","","0","",""
"","2021-11-26T12:48:51","Story Instagram","","","0","0","0","","0","",""
"","2021-11-26T12:48:50","Story Instagram","","","0","0","0","","0","",""
"Alidema - Tadrart Rouge : One week in Planet Djanet","2021-11-26T12:16:49","Publication Facebook","5904","196","","","","19","31","",""
"","2021-11-24T13:04:09","Story Instagram","","","0","0","0","","0","",""
"It's always a hard climb to get the best view ğŸ˜©ğŸ¤©. Moul Naga - Tadrart Rouge - Djanet

.
.
.
#tassilinajjer #Tassili #sahara #desert #djanet #sandscape #climbing #rockformation","2021-11-24T12:52:19","Publication Facebook","1154","40","","","","9","2","",""
"It's always a hard climb to get the best view ğŸ˜©ğŸ¤©. Moul Naga - Tadrart Rouge - Djanet

.
.
.
#tassilinajjer #Tassili #sahara #desert #djanet #sandscape #climbing #rockformation","2021-11-24T12:52:14","Publication Instagram","654","119","","","","7","0","",""
"","2021-11-22T13:34:37","Story Instagram","","","0","0","0","","0","",""

